cell_id,batch,policy,new_structure,cycle_life,pred,ape,split,below_train_min
b1c38,1,7C(40%)-3.6C,False,617.0,599.4,2.85,Valid,False
b1c39,1,7C(40%)-3.6C,False,625.0,627.92,0.47,Valid,False
b1c6,1,4.8C(80%)-4.8C,False,636.0,704.11,10.71,Valid,False
b1c25,1,6C(40%)-3C,False,854.0,919.86,7.71,Valid,False
b1c7,1,4.8C(80%)-4.8C,False,870.0,844.1,2.98,Valid,False
b1c24,1,6C(40%)-3C,False,1017.0,868.61,14.59,Valid,False
b1c9,1,5.4C(40%)-3.6C,False,1054.0,912.17,13.46,Valid,False
b2c19,2,6C(60%)-3C,False,392.0,480.48,22.57,Test(B2),True
b2c6,2,3.6C(9%)-5C,False,393.0,502.87,27.96,Test(B2),True
b2c15,2,3.6C(9%)-5C,False,396.0,498.6,25.91,Test(B2),True
b2c21,2,6C(60%)-3C,False,408.0,536.86,31.58,Test(B2),True
b2c30,2,5.6C(26%)-4.5C,False,412.0,536.55,30.23,Test(B2),True
b2c5,2,3.6C(30%)-6C,False,416.0,532.38,27.98,Test(B2),True
b2c2,2,5.2C(50%)-4.25C,False,424.0,566.05,33.5,Test(B2),True
b2c31,2,5.6C(26%)-4.5C,False,425.0,602.83,41.84,Test(B2),True
b2c14,2,3.6C(30%)-6C,False,426.0,498.79,17.09,Test(B2),True
b2c28,2,4.8C(80%)-4.8C,False,437.0,524.69,20.07,Test(B2),True
b2c41,2,5.6C(26%)-4.5C,False,442.0,502.57,13.7,Test(B2),True
b2c4,2,4.65C(69%)-6C,False,444.0,602.15,35.62,Test(B2),True
b2c11,2,5.2C(50%)-4.25C,False,449.0,475.22,5.84,Test(B2),True
b2c18,2,5.2C(50%)-4.25C,False,449.0,560.64,24.87,Test(B2),True
b2c26,2,5.6C(26%)-4.5C,False,450.0,629.42,39.87,Test(B2),True
b2c29,2,5.2C(58%)-4C,False,452.0,498.44,10.27,Test(B2),True
b2c13,2,4.65C(69%)-6C,False,460.0,655.72,42.55,Test(B2),True
b2c12,2,4.65C(44%)-5C,False,466.0,496.54,6.55,Test(B2),True
b2c17,2,5.6C(26%)-4.5C,False,471.0,649.62,37.92,Test(B2),True
b2c16,2,4.8C(80%)-4.8C,False,472.0,653.97,38.55,Test(B2),True
b2c27,2,5.2C(50%)-4.25C,False,474.0,512.01,8.02,Test(B2),True
b2c42,2,5.2C(50%)-4.25C,False,474.0,515.75,8.81,Test(B2),True
b2c0,2,5.2C(58%)-4C,False,477.0,636.93,33.53,Test(B2),True
b2c20,2,5.2C(58%)-4C,False,489.0,516.71,5.67,Test(B2),True
b2c1,2,5.6C(26%)-4.5C,False,491.0,650.17,32.42,Test(B2),True
b2c10,2,4.8C(80%)-4.8C,False,492.0,634.42,28.95,Test(B2),True
b2c25,2,5.2C(58%)-4C,False,493.0,627.57,27.3,Test(B2),True
b2c3,2,4.65C(44%)-5C,False,499.0,438.11,12.2,Test(B2),True
b2c46,2,4.8C(80%)-4.8C,False,503.0,639.98,27.23,Test(B2),True
b2c24,2,4.8C(80%)-4.8C,False,514.0,625.86,21.76,Test(B2),True
b2c7,2,4.8C(80%)-4.8C-newstructure,True,777.0,1238.21,59.36,Test(B2),False
b2c9,2,5.6C(26%)-4.5C-newstructure,True,791.0,1332.91,68.51,Test(B2),False
b2c32,2,4.8C(80%)-4.8C-newstructure,True,809.0,1001.91,23.85,Test(B2),False
b2c44,2,5.2C(58%)-4C-newstructure,True,841.0,1571.73,86.89,Test(B2),False
b2c8,2,5.2C(58%)-4C-newstructure,True,904.0,1060.22,17.28,Test(B2),False
b2c45,2,5.6C(26%)-4.5C-newstructure,True,997.0,1276.37,28.02,Test(B2),False
b2c43,2,4.8C(80%)-4.8C-newstructure,True,1029.0,1410.6,37.08,Test(B2),False
b2c33,2,5.2C(58%)-4C-newstructure,True,1140.0,1169.09,2.55,Test(B2),False
b2c34,2,5.6C(26%)-4.5C-newstructure,True,1186.0,1265.51,6.7,Test(B2),False
b3c28,3,3.7C(31%)-5.9C-newstructure,True,541.0,511.36,5.48,Test(B3),False
b3c6,3,3.7C(31%)-5.9C-newstructure,True,667.0,582.11,12.73,Test(B3),False
b3c31,3,5.9C(60%)-3.1C-newstructure,True,731.0,810.78,10.91,Test(B3),False
b3c21,3,3.7C(31%)-5.9C-newstructure,True,772.0,693.52,10.17,Test(B3),False
b3c41,3,5.6C(36%)-4.3C-newstructure,True,786.0,881.85,12.19,Test(B3),False
b3c40,3,5.6C(19%)-4.6C-newstructure,True,796.0,1016.56,27.71,Test(B3),False
b3c20,3,5C(67%)-4C-newstructure,True,813.0,938.38,15.42,Test(B3),False
b3c13,3,5.6C(19%)-4.6C-newstructure,True,816.0,933.65,14.42,Test(B3),False
b3c11,3,5.6C(19%)-4.6C-newstructure,True,817.0,857.47,4.95,Test(B3),False
b3c24,3,5C(67%)-4C-newstructure,True,825.0,864.3,4.76,Test(B3),False
b3c5,3,5.6C(36%)-4.3C-newstructure,True,828.0,962.25,16.21,Test(B3),False
b3c8,3,5C(67%)-4C-newstructure,True,828.0,967.38,16.83,Test(B3),False
b3c27,3,5.6C(36%)-4.3C-newstructure,True,850.0,900.06,5.89,Test(B3),False
b3c14,3,5.6C(36%)-4.3C-newstructure,True,858.0,933.44,8.79,Test(B3),False
b3c29,3,5.9C(15%)-4.6C-newstructure,True,858.0,870.37,1.44,Test(B3),False
b3c15,3,5.9C(15%)-4.6C-newstructure,True,876.0,959.51,9.53,Test(B3),False
b3c36,3,5.6C(36%)-4.3C-newstructure,True,923.0,1020.31,10.54,Test(B3),False
b3c12,3,5.6C(36%)-4.3C-newstructure,True,932.0,957.91,2.78,Test(B3),False
b3c30,3,5.3C(54%)-4C-newstructure,True,935.0,961.59,2.84,Test(B3),False
b3c44,3,5.3C(54%)-4C-newstructure,True,940.0,1000.98,6.49,Test(B3),False
b3c25,3,5.3C(54%)-4C-newstructure,True,989.0,887.14,10.3,Test(B3),False
b3c22,3,5.9C(60%)-3.1C-newstructure,True,1002.0,918.48,8.34,Test(B3),False
b3c0,3,5C(67%)-4C-newstructure,True,1009.0,1084.28,7.46,Test(B3),False
b3c26,3,5.6C(19%)-4.6C-newstructure,True,1028.0,1040.77,1.24,Test(B3),False
b3c9,3,5.3C(54%)-4C-newstructure,True,1039.0,944.91,9.06,Test(B3),False
b3c4,3,5.6C(19%)-4.6C-newstructure,True,1048.0,1068.98,2.0,Test(B3),False
b3c1,3,5.3C(54%)-4C-newstructure,True,1063.0,1099.58,3.44,Test(B3),False
b3c10,3,4.8C(80%)-4.8C-newstructure,True,1078.0,1250.76,16.03,Test(B3),False
b3c35,3,5.6C(19%)-4.6C-newstructure,True,1093.0,1115.65,2.07,Test(B3),False
b3c3,3,5.6C(36%)-4.3C-newstructure,True,1115.0,915.71,17.87,Test(B3),False
b3c18,3,5.6C(19%)-4.6C-newstructure,True,1146.0,1121.42,2.14,Test(B3),False
b3c19,3,5.6C(36%)-4.3C-newstructure,True,1155.0,1113.0,3.64,Test(B3),False
b3c39,3,5.3C(54%)-4C-newstructure,True,1156.0,1078.38,6.71,Test(B3),False
b3c34,3,5.3C(54%)-4C-newstructure,True,1158.0,1143.66,1.24,Test(B3),False
b3c33,3,5C(67%)-4C-newstructure,True,1284.0,1154.03,10.12,Test(B3),False
b3c17,3,5.3C(54%)-4C-newstructure,True,1315.0,1237.49,5.89,Test(B3),False
b3c16,3,4.8C(80%)-4.8C-newstructure,True,1638.0,1476.7,9.85,Test(B3),False
b3c45,3,4.8C(80%)-4.8C-newstructure,True,1801.0,1496.0,16.93,Test(B3),False
b3c7,3,4.8C(80%)-4.8C-newstructure,True,1836.0,1397.78,23.87,Test(B3),False
b3c38,3,5C(67%)-4C-newstructure,True,1935.0,1305.95,32.51,Test(B3),False
