cell_id,batch,cycle_life,policy,role,new_structure,log_life,long_life
b1c20,1,534.0,5.4C(80%)-5.4C,Train,False,2.727541257028556,0
b1c21,1,559.0,5.4C(80%)-5.4C,Train,False,2.747411807886423,1
b1c45,1,599.0,8C(35%)-3.6C,Train,False,2.7774268223893115,1
b1c44,1,616.0,8C(35%)-3.6C,Train,False,2.7895807121644256,1
b1c38,1,617.0,7C(40%)-3.6C,Train,False,2.7902851640332416,1
b1c39,1,625.0,7C(40%)-3.6C,Train,False,2.7958800173440754,1
b1c6,1,636.0,4.8C(80%)-4.8C,Train,False,2.803457115648414,1
b1c37,1,648.0,7C(40%)-3C,Train,False,2.8115750058705933,1
b1c43,1,651.0,8C(25%)-3.6C,Train,False,2.813580988568192,1
b1c18,1,691.0,5.4C(70%)-3C,Train,False,2.8394780473741985,1
b1c42,1,702.0,8C(25%)-3.6C,Train,False,2.846337112129805,1
b1c35,1,703.0,7C(30%)-3.6C,Train,False,2.846955325019824,1
b1c36,1,704.0,7C(40%)-3C,Train,False,2.847572659142112,1
b1c30,1,709.0,6C(50%)-3.6C,Train,False,2.8506462351830666,1
b1c15,1,719.0,5.4C(60%)-3C,Train,False,2.8567288903828825,1
b1c32,1,731.0,6C(60%)-3C,Train,False,2.8639173769578603,1
b1c34,1,742.0,7C(30%)-3.6C,Train,False,2.870403905279027,1
b1c33,1,757.0,6C(60%)-3C,Train,False,2.8790958795000727,1
b1c11,1,788.0,5.4C(50%)-3C,Train,False,2.8965262174895554,1
b1c19,1,788.0,5.4C(70%)-3C,Train,False,2.8965262174895554,1
b1c27,1,842.0,6C(40%)-3.6C,Train,False,2.9253120914996495,1
b1c25,1,854.0,6C(40%)-3C,Train,False,2.931457870689005,1
b1c17,1,857.0,5.4C(60%)-3.6C,Train,False,2.932980821923198,1
b1c28,1,860.0,6C(50%)-3C,Train,False,2.934498451243568,1
b1c16,1,862.0,5.4C(60%)-3.6C,Train,False,2.9355072658247128,1
b1c7,1,870.0,4.8C(80%)-4.8C,Train,False,2.9395192526186187,1
b1c26,1,870.0,6C(40%)-3.6C,Train,False,2.9395192526186187,1
b1c31,1,876.0,6C(50%)-3.6C,Train,False,2.9425041061680806,1
b1c14,1,880.0,5.4C(60%)-3C,Train,False,2.9444826721501687,1
b1c29,1,917.0,6C(50%)-3C,Train,False,2.962369335670021,1
b1c40,1,966.0,8C(15%)-3.6C,Train,False,2.9849771264154934,1
b1c23,1,1014.0,6C(30%)-3.6C,Train,False,3.0060379549973173,1
b1c24,1,1017.0,6C(40%)-3C,Train,False,3.0073209529227447,1
b1c41,1,1051.0,8C(15%)-3.6C,Train,False,3.021602716028242,1
b1c9,1,1054.0,5.4C(40%)-3.6C,Train,False,3.022840610876528,1
b1c5,1,1074.0,4.4C(80%)-4.4C,Train,False,3.0310042813635367,1
b1c2,1,1177.0,3.6C(80%)-3.6C,Train,False,3.0707764628434346,1
b1c1,1,1179.0,3.6C(80%)-3.6C,Train,False,3.071513805095089,1
b1c0,1,1190.0,3.6C(80%)-3.6C,Train,False,3.0755469613925306,1
b1c3,1,1226.0,4C(80%)-4C,Train,False,3.0884904701823963,1
b1c4,1,1227.0,4C(80%)-4C,Train,False,3.088844562727004,1
b2c19,2,392.0,6C(60%)-3C,Test-1,False,2.593286067020457,0
b2c6,2,393.0,3.6C(9%)-5C,Test-1,False,2.5943925503754266,0
b2c15,2,396.0,3.6C(9%)-5C,Test-1,False,2.597695185925512,0
b2c21,2,408.0,6C(60%)-3C,Test-1,False,2.61066016308988,0
b2c30,2,412.0,5.6C(26%)-4.5C,Test-1,False,2.6148972160331345,0
b2c5,2,416.0,3.6C(30%)-6C,Test-1,False,2.6190933306267428,0
b2c2,2,424.0,5.2C(50%)-4.25C,Test-1,False,2.6273658565927325,0
b2c31,2,425.0,5.6C(26%)-4.5C,Test-1,False,2.6283889300503116,0
b2c14,2,426.0,3.6C(30%)-6C,Test-1,False,2.629409599102719,0
b2c28,2,437.0,4.8C(80%)-4.8C,Test-1,False,2.640481436970422,0
b2c41,2,442.0,5.6C(26%)-4.5C,Test-1,False,2.645422269349092,0
b2c4,2,444.0,4.65C(69%)-6C,Test-1,False,2.6473829701146196,0
b2c11,2,449.0,5.2C(50%)-4.25C,Test-1,False,2.6522463410033232,0
b2c18,2,449.0,5.2C(50%)-4.25C,Test-1,False,2.6522463410033232,0
b2c26,2,450.0,5.6C(26%)-4.5C,Test-1,False,2.6532125137753435,0
b2c29,2,452.0,5.2C(58%)-4C,Test-1,False,2.655138434811382,0
b2c13,2,460.0,4.65C(69%)-6C,Test-1,False,2.662757831681574,0
b2c12,2,466.0,4.65C(44%)-5C,Test-1,False,2.66838591669,0
b2c17,2,471.0,5.6C(26%)-4.5C,Test-1,False,2.673020907128896,0
b2c16,2,472.0,4.8C(80%)-4.8C,Test-1,False,2.673941998634088,0
b2c27,2,474.0,5.2C(50%)-4.25C,Test-1,False,2.6757783416740852,0
b2c42,2,474.0,5.2C(50%)-4.25C,Test-1,False,2.6757783416740852,0
b2c0,2,477.0,5.2C(58%)-4C,Test-1,False,2.678518379040114,0
b2c20,2,489.0,5.2C(58%)-4C,Test-1,False,2.6893088591236203,0
b2c1,2,491.0,5.6C(26%)-4.5C,Test-1,False,2.6910814921229687,0
b2c10,2,492.0,4.8C(80%)-4.8C,Test-1,False,2.69196510276736,0
b2c25,2,493.0,5.2C(58%)-4C,Test-1,False,2.69284691927723,0
b2c3,2,499.0,4.65C(44%)-5C,Test-1,False,2.6981005456233897,0
b2c46,2,503.0,4.8C(80%)-4.8C,Test-1,False,2.7015679850559273,0
b2c24,2,514.0,4.8C(80%)-4.8C,Test-1,False,2.710963118995276,0
b2c7,2,777.0,4.8C(80%)-4.8C-newstructure,Test-1,True,2.890421018800914,1
b2c9,2,791.0,5.6C(26%)-4.5C-newstructure,Test-1,True,2.8981764834976764,1
b2c32,2,809.0,4.8C(80%)-4.8C-newstructure,Test-1,True,2.9079485216122722,1
b2c44,2,841.0,5.2C(58%)-4C-newstructure,Test-1,True,2.924795995797912,1
b2c8,2,904.0,5.2C(58%)-4C-newstructure,Test-1,True,2.9561684304753633,1
b2c45,2,997.0,5.6C(26%)-4.5C-newstructure,Test-1,True,2.998695158311656,1
b2c43,2,1029.0,4.8C(80%)-4.8C-newstructure,Test-1,True,3.012415374762433,1
b2c33,2,1140.0,5.2C(58%)-4C-newstructure,Test-1,True,3.0569048513364727,1
b2c34,2,1186.0,5.6C(26%)-4.5C-newstructure,Test-1,True,3.074084689028244,1
b3c28,3,541.0,3.7C(31%)-5.9C-newstructure,Test-2,True,2.7331972651065692,0
b3c6,3,667.0,3.7C(31%)-5.9C-newstructure,Test-2,True,2.824125833916549,1
b3c31,3,731.0,5.9C(60%)-3.1C-newstructure,Test-2,True,2.8639173769578603,1
b3c21,3,772.0,3.7C(31%)-5.9C-newstructure,Test-2,True,2.887617300335736,1
b3c41,3,786.0,5.6C(36%)-4.3C-newstructure,Test-2,True,2.895422546039408,1
b3c40,3,796.0,5.6C(19%)-4.6C-newstructure,Test-2,True,2.900913067737669,1
b3c20,3,813.0,5C(67%)-4C-newstructure,Test-2,True,2.910090545594068,1
b3c13,3,816.0,5.6C(19%)-4.6C-newstructure,Test-2,True,2.9116901587538613,1
b3c11,3,817.0,5.6C(19%)-4.6C-newstructure,Test-2,True,2.9122220565324155,1
b3c24,3,825.0,5C(67%)-4C-newstructure,Test-2,True,2.916453948549925,1
b3c5,3,828.0,5.6C(36%)-4.3C-newstructure,Test-2,True,2.9180303367848803,1
b3c8,3,828.0,5C(67%)-4C-newstructure,Test-2,True,2.9180303367848803,1
b3c27,3,850.0,5.6C(36%)-4.3C-newstructure,Test-2,True,2.929418925714293,1
b3c14,3,858.0,5.6C(36%)-4.3C-newstructure,Test-2,True,2.9334872878487053,1
b3c29,3,858.0,5.9C(15%)-4.6C-newstructure,Test-2,True,2.9334872878487053,1
b3c15,3,876.0,5.9C(15%)-4.6C-newstructure,Test-2,True,2.9425041061680806,1
b3c36,3,923.0,5.6C(36%)-4.3C-newstructure,Test-2,True,2.965201701025912,1
b3c12,3,932.0,5.6C(36%)-4.3C-newstructure,Test-2,True,2.9694159123539814,1
b3c30,3,935.0,5.3C(54%)-4C-newstructure,Test-2,True,2.9708116108725178,1
b3c44,3,940.0,5.3C(54%)-4C-newstructure,Test-2,True,2.9731278535996988,1
b3c25,3,989.0,5.3C(54%)-4C-newstructure,Test-2,True,2.9951962915971793,1
b3c22,3,1002.0,5.9C(60%)-3.1C-newstructure,Test-2,True,3.0008677215312267,1
b3c0,3,1009.0,5C(67%)-4C-newstructure,Test-2,True,3.0038911662369103,1
b3c26,3,1028.0,5.6C(19%)-4.6C-newstructure,Test-2,True,3.011993114659257,1
b3c9,3,1039.0,5.3C(54%)-4C-newstructure,Test-2,True,3.016615547557177,1
b3c4,3,1048.0,5.6C(19%)-4.6C-newstructure,Test-2,True,3.0203612826477078,1
b3c1,3,1063.0,5.3C(54%)-4C-newstructure,Test-2,True,3.0265332645232967,1
b3c10,3,1078.0,4.8C(80%)-4.8C-newstructure,Test-2,True,3.03261876085072,1
b3c35,3,1093.0,5.6C(19%)-4.6C-newstructure,Test-2,True,3.038620161949703,1
b3c3,3,1115.0,5.6C(36%)-4.3C-newstructure,Test-2,True,3.0472748673841794,1
b3c18,3,1146.0,5.6C(19%)-4.6C-newstructure,Test-2,True,3.059184617631371,1
b3c19,3,1155.0,5.6C(36%)-4.3C-newstructure,Test-2,True,3.062581984228163,1
b3c39,3,1156.0,5.3C(54%)-4C-newstructure,Test-2,True,3.0629578340845103,1
b3c34,3,1158.0,5.3C(54%)-4C-newstructure,Test-2,True,3.0637085593914173,1
b3c33,3,1284.0,5C(67%)-4C-newstructure,Test-2,True,3.1085650237328344,1
b3c17,3,1315.0,5.3C(54%)-4C-newstructure,Test-2,True,3.1189257528257768,1
b3c16,3,1638.0,4.8C(80%)-4.8C-newstructure,Test-2,True,3.2143138974244,1
b3c45,3,1801.0,4.8C(80%)-4.8C-newstructure,Test-2,True,3.2555137128195333,1
b3c7,3,1836.0,4.8C(80%)-4.8C-newstructure,Test-2,True,3.2638726768652235,1
b3c38,3,1935.0,5C(67%)-4C-newstructure,Test-2,True,3.28668096935493,1
