cell_id,batch,cycle_life,log_life,long_life,dq_log_var,dq_log_abs_min,dq_log_abs_mean,dq_skew,dq_kurt,C1,Q1,C2,C_avg,t80_min,QD_2,QD_max_minus_2,QD_100_minus_2,QD_slope_2_100,QD_intercept_2_100,QD_slope_91_100,chargetime_avg_2_6,Tavg_mean_2_100,Tmax_max_2_100,Tmin_min_2_100,IR_min_2_100,IR_diff_100_2
b1c20,1,534.0,2.727541257028556,0,-3.3635071221429964,-1.2038665811886964,-1.4806105017725733,0.25577907487319274,-1.0898910180110255,5.4,80.0,5.4,5.3999999999999995,8.88888888888889,1.0731822,0.0024950999999999723,-0.0119343999999999,-0.00014299504514531607,1.0772014907367549,-0.00023311272727272154,9.021115000000016,32.15292201754506,35.504932,29.662241,0.015036267,-0.000580528000000002
b1c21,1,559.0,2.747411807886423,1,-3.342297236621891,-1.1908528234364837,-1.5094137441173687,-0.09599546982787259,-1.1488810994903345,5.4,80.0,5.4,5.3999999999999995,8.88888888888889,1.0830263,0.0027714000000000905,-0.006297199999999892,-8.516600865799868e-05,1.086643043209235,-0.00015905272727271253,8.964706333333336,33.13697371135653,37.615559,29.948643,0.014894895,-0.0002038070000000003
b1c45,1,599.0,2.7774268223893115,1,-3.423196880532009,-1.232122199826099,-1.5347971411921806,0.12554671114018168,-1.2804752243867739,8.0,35.0,3.6,4.7407407407407405,10.125,1.0846075499999999,0.0037394500000000885,0.0012201500000001975,-1.3305383426090412e-05,1.0878435568779632,-3.8969696969685706e-05,10.254465333333325,33.0005473910965,37.855122,29.696999,0.016382927,0.00015038399999999993
b1c44,1,616.0,2.7895807121644256,1,-3.4223254114897648,-1.2333462738097185,-1.5334508245176979,0.1479807069756334,-1.2802585684282914,8.0,35.0,3.6,4.7407407407407405,10.125,1.0854205000000001,0.0028678999999998123,-0.0006919000000000786,-3.396139270252481e-05,1.088578027997526,-5.0075151515157785e-05,10.271104333333334,32.55333216968653,36.804283,29.747217,0.017142953,0.00015277100000000293
b1c38,1,617.0,2.7902851640332416,1,-3.4325733494383583,-1.2387436038017567,-1.5682134608264717,-0.049371993426012575,-1.3409767748295294,7.0,40.0,3.6,4.754716981132074,10.095238095238097,1.0734797999999999,0.002974800000000055,0.0014484000000001274,-9.711570810130437e-06,1.0763013183941452,-7.636969696944469e-06,10.243066666666685,33.69474656343401,37.995705,30.288816,0.016066672,8.89640000000004e-05
b1c39,1,625.0,2.7958800173440754,1,-3.507486155404482,-1.267821369407336,-1.6123415948265805,-0.1426404952701648,-1.2701094992262068,7.0,40.0,3.6,4.754716981132074,10.095238095238097,1.08248765,0.003927250000000049,0.002275250000000062,-3.7260612244784992e-06,1.0858564720517416,-2.599818181814929e-05,10.258443000000007,33.50643317156701,38.024876,30.181021,0.016519627,9.157099999999863e-05
b1c6,1,636.0,2.803457115648414,1,-3.771282985580605,-1.414229298154205,-1.7913997127754897,-0.39345555384501724,-1.2100197667086696,4.8,80.0,4.8,4.799999999999999,10.000000000000002,1.07654805,0.005538349999999914,0.0026945499999999623,-6.426814471234948e-06,1.0812727023865178,-6.223030303025061e-05,10.07647899999999,32.27384521945563,36.496124,29.495056,0.016541764,-0.0003333460000000017
b1c37,1,648.0,2.8115750058705933,1,-3.660003600392874,-1.3494351731394054,-1.7052473765717924,-0.2205499419602768,-1.28869545940042,7.0,40.0,3.0,4.2,11.428571428571427,1.0754412,0.003683000000000103,0.0013653000000000137,-1.0719275200983682e-05,1.078626735560503,-4.378787878785474e-05,11.57439200000002,32.95969887229894,36.993626,29.988958,0.016318144,6.718000000000002e-05
b1c43,1,651.0,2.813580988568192,1,-3.6650372010740395,-1.3423769685984295,-1.7104794275076118,-0.22401634505993293,-1.3156192787117844,8.0,25.0,3.6,4.347169811320755,11.041666666666668,1.06881405,0.0028065499999998522,2.1849999999989933e-05,-2.43425683364131e-05,1.0717667765407128,-4.002181818178759e-05,11.170874333333334,33.339782658681436,37.725166,30.034327,0.015904058,0.00012785400000000016
b1c18,1,691.0,2.8394780473741985,1,-3.6640017877155087,-1.363077970168553,-1.6950007944570522,-0.06537576038183351,-1.3831175116348047,5.4,70.0,3.0,4.909090909090909,9.777777777777777,1.06648165,0.003626549999999895,-0.0019542500000000462,-4.774092888063231e-05,1.0705819045446296,-0.00011218606060603138,9.958173666666676,31.831057275618022,36.084282,29.688587,0.015845969,-0.003994543
b1c42,1,702.0,2.846337112129805,1,-3.67030117807197,-1.3486828564913675,-1.6712161276915405,-0.00046713904549126406,-1.2597156490515562,8.0,25.0,3.6,4.347169811320755,11.041666666666668,1.0806105000000001,0.004161999999999777,0.002651299999999912,1.685778602357636e-06,1.0838089606448151,-3.336060606056912e-05,11.171093666666682,33.58506724391689,38.397423,30.125891,0.016511114,0.00010331400000000018
b1c35,1,703.0,2.846955325019824,1,-3.7593194634499145,-1.3988545125396517,-1.7326708799647244,-0.08768068201548754,-1.2976274701441848,7.0,30.0,3.6,4.401746724890829,10.904761904761905,1.0713495,0.004431500000000144,0.0026325000000000376,2.7819764997042628e-06,1.0744170111177076,-2.6230909090890936e-05,11.05119499999999,32.09733437854189,36.075569,29.54327,0.016647711,3.243499999999733e-05
b1c36,1,704.0,2.847572659142112,1,-3.656158863304044,-1.3476320283430299,-1.668892259475215,-0.015655147886087163,-1.3021603590763362,7.0,40.0,3.0,4.2,11.428571428571427,1.0784741,0.003780399999999906,0.0017393000000001102,-8.243798392063327e-06,1.0817488943240563,-4.144606060602984e-05,11.524843333333349,32.04688205693082,34.868446,30.028351,0.016229769,8.785199999999938e-05
b1c30,1,709.0,2.8506462351830666,1,-3.748311852221489,-1.3900576314661501,-1.7494624208329173,-0.26900453773350563,-1.2351588145500452,6.0,50.0,3.6,4.8,10.0,1.08051355,0.0031967499999998594,0.0008938499999999738,-1.7169476190466576e-05,1.0837386256089467,-3.648727272727948e-05,10.130179666666669,33.54008830692456,37.483994,30.457619,0.015838005,5.842799999999926e-05
b1c15,1,719.0,2.8567288903828825,1,-4.0251676187463366,-1.540124953898688,-1.9624768446493954,-0.46646810435809316,-1.228111999119151,5.4,60.0,3.0,4.5,10.666666666666666,1.06193345,0.007223149999999956,0.005804150000000119,2.6651435374161764e-05,1.0663447116444027,-2.487999999998926e-05,10.797705666666673,33.147720104395674,38.47617,29.44138,0.016542939,-0.0002532960000000001
b1c32,1,731.0,2.8639173769578603,1,-3.6475237587198595,-1.3381129984184703,-1.6788640586969448,-0.13939194296673316,-1.2810166139503092,6.0,60.0,3.0,4.8,10.0,1.07839895,0.0032321500000001002,0.0009814500000000503,-1.3092936920209418e-05,1.0813438594799005,-3.835454545449246e-05,10.096438,33.08050304573434,37.14436,30.193592,0.015933495,5.134400000000178e-05
b1c34,1,742.0,2.870403905279027,1,-3.8431038698855096,-1.4251085139016475,-1.7849541431881952,-0.12984696944780538,-1.197273131176426,7.0,30.0,3.6,4.401746724890829,10.904761904761905,1.0772281499999998,0.00413185000000027,0.002188350000000172,-5.121119356687055e-07,1.0801693727592245,-2.9866060605993048e-05,11.06793699999998,32.66455167507311,37.240925,29.709148,0.016567618,-2.8376000000000096e-05
b1c33,1,757.0,2.8790958795000727,1,-3.668253160997252,-1.3490053661426267,-1.6666331862697914,0.07968481973626239,-1.2357218673144317,6.0,60.0,3.0,4.8,10.0,1.0931608499999999,0.003596350000000248,0.0006048500000002122,-2.2204835497826244e-05,1.0966298147922076,-4.665151515148321e-05,10.146428666666663,33.67169761442224,38.728722,30.119719,0.016214989,-1.720699999999825e-05
b1c11,1,788.0,2.8965262174895554,1,-4.099071315643209,-1.5988972943157895,-2.0455926051182827,-0.6055150335399568,-1.1836509537772215,5.4,50.0,3.0,4.153846153846154,11.555555555555555,1.0544055,0.006827099999999975,0.005541799999999819,2.175383178727249e-05,1.058973703063698,-1.2383636363605269e-05,11.668875999999987,32.75932260623101,37.128967,29.87781,0.015962802,-0.0003035779999999988
b1c19,1,788.0,2.8965262174895554,1,-3.6343701916592384,-1.350035763843094,-1.7078751501311655,-0.2890596921714325,-1.314816378973116,5.4,70.0,3.0,4.909090909090909,9.777777777777777,1.08570845,0.003485749999999843,0.0013766499999998683,-1.0412252937529758e-05,1.0889330476270869,-4.067636363633208e-05,9.924738333333329,33.044085397077396,37.49086,29.91865,0.016205151,-6.60869999999994e-05
b1c27,1,842.0,2.9253120914996495,1,-3.833908433042566,-1.4352520021732016,-1.7966110083186968,-0.29744782710916895,-1.230166627899806,6.0,40.0,3.6,4.499999999999999,10.666666666666668,1.0796092499999999,0.003252050000000173,0.001413350000000202,-1.0646317254163433e-05,1.0826383344021848,-2.1236363636353113e-05,10.796985333333323,33.89497000372245,38.178074,30.495707,0.015953196,3.187999999999802e-05
b1c25,1,854.0,2.931457870689005,1,-3.9972286978826665,-1.515643374780739,-1.8866245752572066,-0.3464932911455099,-1.2510347806524837,6.0,40.0,3.0,4.0,12.0,1.0757811,0.004066000000000125,0.002262700000000173,-1.9514904142219824e-07,1.0788746869445474,-3.226121212117505e-05,12.130126666666674,33.848557073949294,38.670872,30.400667,0.016397864,-1.1263999999996943e-05
b1c17,1,857.0,2.932980821923198,1,-3.997218173540934,-1.519520957540784,-1.9009981894843797,-0.2997160556221269,-1.2846571241690186,5.4,60.0,3.6,4.8,10.0,1.0726680499999999,0.006399450000000195,0.0043082500000002355,1.718317316018266e-05,1.076238980896104,-1.358181818182858e-05,10.146880666666664,32.088753858534446,37.208405,29.182228,0.016238289,2.2162999999998656e-05
b1c28,1,860.0,2.934498451243568,1,-3.8292746874061567,-1.4213918586649703,-1.7650951934735408,-0.1401962623365418,-1.2531009794792598,6.0,50.0,3.0,4.363636363636363,11.0,1.07840635,0.003078549999999902,0.0012883499999998271,-8.11756771798359e-06,1.081114953024325,-3.456303030302325e-05,11.129907333333346,33.773800525042,38.303513,30.421293,0.016467512,6.377100000000066e-05
b1c16,1,862.0,2.9355072658247128,1,-4.1015912393777105,-1.5594269667340808,-1.901182910405805,-0.08224703062687362,-1.2376791659100137,5.4,60.0,3.6,4.8,10.0,1.0817756,0.006596299999999999,0.004536300000000049,2.1349701917145807e-05,1.0854121823739433,-3.073090909086991e-05,10.11310766666668,32.41716254671688,37.566532,29.542667,0.016328048,-1.4819000000002719e-05
b1c7,1,870.0,2.9395192526186187,1,-3.8218344026459263,-1.428857250706536,-1.784616163953869,-0.3087007558609272,-1.1124070294936197,4.8,80.0,4.8,4.799999999999999,10.000000000000002,1.0944873,0.0033733000000000235,0.0012752000000000319,-8.9758701298609e-06,1.0974407441240983,-4.1190909090862664e-05,10.02508166666667,31.990084509217034,36.053928,29.368095,0.016083084,-3.842100000000029e-05
b1c26,1,870.0,2.9395192526186187,1,-3.7760062759115596,-1.4068802869258794,-1.7395387178607247,-0.12343712016837852,-1.2733410224345942,6.0,40.0,3.6,4.499999999999999,10.666666666666668,1.08821415,0.0032074500000001116,0.0011571500000000512,-1.4054957946808815e-05,1.0913852882088229,-3.7860606060571154e-05,10.764819666666668,33.15641406115227,37.077717,30.189548,0.016129743,1.2887999999999095e-05
b1c31,1,876.0,2.9425041061680806,1,-3.769713954027946,-1.3966112716457468,-1.7337015122397796,-0.10029312674638641,-1.2414052378380889,6.0,50.0,3.6,4.8,10.0,1.0952872,0.0030277000000000776,6.219999999990122e-05,-2.6349061224476126e-05,1.0984638304052772,-4.034181818180169e-05,10.11367266666668,30.375396745150564,31.658901,29.649641,0.016684072,1.0658000000000195e-05
b1c14,1,880.0,2.9444826721501687,1,-4.048738872083323,-1.5481533931739562,-1.9232257292017019,-0.263475511140967,-1.2982326052426503,5.4,60.0,3.0,4.5,10.666666666666666,1.0715373,0.006136400000000153,0.004664300000000177,2.413220160792945e-05,1.0749120344856729,-1.9871515151483944e-05,10.764334,33.07746279993842,37.818813,29.769632,0.016649306,-6.811500000000054e-05
b1c29,1,917.0,2.962369335670021,1,-3.8246334777577875,-1.4272993053810932,-1.7724139377280606,-0.14122268263857313,-1.2848269790271585,6.0,50.0,3.0,4.363636363636363,11.0,1.0800557,0.003670500000000132,0.0017772000000000343,-5.559043908461028e-06,1.0830708789160994,-3.578666666661976e-05,11.179535333333334,32.70415601771739,36.258759,30.240517,0.016308507,1.7818000000002776e-05
b1c40,1,966.0,2.9849771264154934,1,-4.090691886686633,-1.5463599676682211,-1.9029622637597636,-0.2094815054590269,-1.215282457150187,8.0,15.0,3.6,4.013937282229966,11.958333333333332,1.0839538000000002,0.003780399999999906,0.0018000999999998601,-8.603771181189917e-06,1.087376456976706,-4.126242424238449e-05,12.071222666666685,33.45968416375564,38.388569,30.003733,0.016480761,6.656899999999896e-05
b1c23,1,1014.0,3.0060379549973173,1,-4.029666122408316,-1.5244333710064835,-1.870661330767705,-0.12334363244059031,-1.2448593281738307,6.0,30.0,3.6,4.235294117647059,11.333333333333332,1.0799227500000002,0.0035509499999999417,0.0017681499999997463,-7.290224489779296e-06,1.0828585645802924,-2.0514545454503315e-05,11.447006333333357,31.99077454717494,36.165897,29.545927,0.016472535,-9.143999999999125e-06
b1c24,1,1017.0,3.0073209529227447,1,-3.9250817386834376,-1.4880159104661634,-1.8475788600176446,-0.3245988062737878,-1.2772123978821173,6.0,40.0,3.0,4.0,12.0,1.07502495,0.003947050000000063,0.002606450000000038,3.0087353123175987e-06,1.0779619378324055,-1.7987878787873084e-05,12.147216,33.378063951824195,37.596226,30.30908,0.016390581,-4.86200000000131e-06
b1c41,1,1051.0,3.021602716028242,1,-4.06368421481855,-1.028951658229616,-1.9120498302822266,-0.8271771345324239,4.370902590973683,8.0,15.0,3.6,4.013937282229966,11.958333333333332,1.07962275,0.004172749999999947,0.0025458499999999606,-5.342801484115648e-07,1.082919081115852,-3.038303030301768e-05,12.087368000000005,33.07332253245542,37.576675,30.021296,0.016552322,-9.889999999998511e-07
b1c9,1,1054.0,3.022840610876528,1,-3.978644715828288,-1.5280944503063885,-1.9135111001893645,-0.45956486569607286,-1.204904353974009,5.4,40.0,3.6,4.32,11.11111111111111,1.0833300000000001,0.0055333999999998,0.004330299999999898,1.800093630180938e-05,1.0867851926526484,-1.2572727272710355e-05,11.207955999999994,32.64153361126789,36.799232,29.999718,0.016611163,-3.366599999999817e-05
b1c5,1,1074.0,3.0310042813635367,1,-4.155832047544396,-1.5836356355252914,-1.9379809668612065,-0.14129633738212055,-1.1923638522416686,4.4,80.0,4.4,4.3999999999999995,10.90909090909091,1.07638985,0.005557749999999917,0.0033895500000000744,9.016459492899907e-06,1.0799111216769737,-2.2986060606038962e-05,10.967849666666668,30.92149771366389,34.654667,28.914812,0.015922785,-0.0001118670000000016
b1c2,1,1177.0,3.0707764628434346,1,-4.951882773830956,-1.9869927271808823,-2.3831624757880854,-0.4374830231523375,-1.1737385084766645,3.6,80.0,3.6,3.5999999999999996,13.333333333333334,1.08061885,0.005515149999999913,0.004334850000000001,1.0990699443421743e-05,1.0847910839243453,-4.073454545451623e-05,13.358242333333328,31.47958411321121,35.127342,29.269444,0.016613184,-1.3807000000001096e-05
b1c1,1,1179.0,3.071513805095089,1,-5.13577581925288,-2.045150871156095,-2.4280265188878625,-0.31695668640175506,-1.0385479415462495,3.6,80.0,3.6,3.5999999999999996,13.333333333333334,1.0759568,0.006086800000000059,0.004691900000000082,6.570495980220569e-06,1.0808893703615743,-3.626969696968285e-05,13.409150000000002,31.33031430692745,34.712265,29.230637,0.016764179,-4.199100000000164e-05
b1c0,1,1190.0,3.0755469613925306,1,-5.051526486347438,-2.0502617555267597,-2.5537123742082013,-0.72670403018194,-0.9099948426888393,3.6,80.0,3.6,3.5999999999999996,13.333333333333334,1.07129485,0.005685850000000103,0.004583549999999992,1.702832282004996e-05,1.07516556715234,-1.1450303030317697e-05,13.374893999999992,31.603747328822767,35.994705,29.012251,0.016443744,-7.520000000000096e-05
b1c3,1,1226.0,3.0884904701823963,1,-4.386347639276111,-1.7033215751285695,-2.104748152646745,-0.47632973572577214,-1.1242196397807418,4.0,80.0,4.0,4.0,12.0,1.0804756,0.005622400000000027,0.004274200000000006,1.5042941249242813e-05,1.0842207221175013,-6.052121212097776e-06,12.025139666666673,29.942198807956427,31.691414,29.023619,0.016098134,3.858100000000281e-05
b1c4,1,1227.0,3.088844562727004,1,-4.6047794182152435,-1.8373959306911005,-2.202790171803858,-0.34918481156928743,-1.3611635681432799,4.0,80.0,4.0,4.0,12.0,1.07871455,0.005492950000000052,0.0038962500000001565,1.7061105132974732e-05,1.0820111083856934,-3.0206666666601164e-05,12.041850666666674,31.44888383416564,35.651741,29.092649,0.016368635,-5.331399999999875e-05
b2c19,2,392.0,2.593286067020457,0,-3.2921640289282346,-1.179943062925003,-1.462698445924613,0.170891118970359,-1.2736074456151312,6.0,60.0,3.0,4.8,10.0,1.09101575,0.007755150000000155,0.0035508500000001053,2.208906555350217e-05,1.093773054121418,-0.0003361963636363552,10.175535333333391,32.770067410122046,37.29125540144077,30.041353,0.016542695,6.25240000000013e-05
b2c6,2,393.0,2.5943925503754266,0,-3.68241132087662,-1.3612673617458189,-1.7308138684233025,-0.2678473800723862,-1.3065452644480668,3.6,9.0,5.0,4.790419161676647,10.02,1.08805785,0.010158950000000111,0.0023484499999999464,6.138032838591077e-05,1.0898980360806017,-0.00019898848484846177,10.179130999999906,33.81904518975318,40.4669448483313,30.021366,0.015897563,-0.0005260630000000002
b2c15,2,396.0,2.597695185925512,0,-3.4171116662257526,-1.2429352547217112,-1.5725213708392896,-0.14223396290308743,-1.3543223944469875,3.6,9.0,5.0,4.790419161676647,10.02,1.06970245,0.008752249999999906,0.007870349999999915,9.360367408783369e-05,1.070276950500309,-1.9869090909077266e-05,10.174112999999924,32.862747677246595,36.649116879455384,30.733528,0.016145013,-0.0009618189999999992
b2c21,2,408.0,2.61066016308988,0,-3.332035435760161,-1.1925662967462547,-1.476067490297389,0.23380411239576154,-1.2357138455349863,6.0,60.0,3.0,4.8,10.0,1.0985718,0.006728899999999927,0.002954499999999971,3.176231910946736e-05,1.100535090412286,-0.0003408490909090767,10.174583999999935,33.60118814118363,39.554886,30.169489264517047,0.017071372,0.00012853800000000096
b2c30,2,412.0,2.6148972160331345,0,-3.18823426596607,-1.1241908277934756,-1.4016987928893212,0.2692740120602409,-1.1982337352183026,5.6,26.0,4.5,4.8068669527897,9.985714285714286,1.09484535,0.0027994500000001477,-0.00230034999999984,-8.105519418675063e-05,1.0971852830853428,0.00011806000000009097,10.223914333333378,33.81182141567536,38.2883066025032,29.889199981272736,0.01667887,-0.001062254999999998
b2c5,2,416.0,2.6190933306267428,0,-3.0815388475943006,-1.0641022236241644,-1.3306990254170603,0.3539540489879823,-1.0405639100440078,3.6,30.0,6.0,4.8,10.0,1.0987132000000002,0.0001832999999997753,-0.020389700000000177,-0.000196365510204069,1.09909282283859,-0.00018036787878785077,10.178295333333276,33.01307013030371,38.388368590154755,30.103149270492455,0.015142022,-0.0007167039999999986
b2c2,2,424.0,2.6273658565927325,0,-3.606758120500566,-1.331478711676454,-1.6709563397351557,-0.06975657278528358,-1.3689051136231696,5.2,50.0,4.25,4.797829036635007,10.004524886877828,1.0745574,0.005606599999999906,0.00023759999999994896,-8.450985776117507e-06,1.0761342235069056,5.964969696971301e-05,10.175071333333326,33.17566129490617,38.33985803206289,30.291048,0.016255558,-9.869800000000123e-05
b2c31,2,425.0,2.6283889300503116,0,-2.999953550873476,-0.9173952563091564,-1.3718959753287787,-0.5082329835863492,-0.5715321416526722,5.6,26.0,4.5,4.8068669527897,9.985714285714286,1.0990029,0.003583800000000137,0.0020794000000001756,3.9566463821900836e-05,1.0979213143854873,-3.7720606060596814e-05,10.177968666666759,33.3758501254003,37.238895,29.959369058435346,0.015888851,-0.0006819260000000028
b2c14,2,426.0,2.629409599102719,0,-3.1328370159157566,-1.0962101288355441,-1.3633834171491772,0.2983796259376566,-1.09537273405656,3.6,30.0,6.0,4.8,10.0,1.0842247999999999,0.00026380000000014725,-0.006747199999999953,-0.00010179466666665753,1.0844086663838381,8.411454545455395e-05,10.207831333333306,32.123877001585356,36.56760277779107,29.961967688101996,0.015952863,-0.000878801999999998
b2c28,2,437.0,2.640481436970422,0,-3.4144958663175333,-1.2415231548516186,-1.550069742516057,0.04120058886154548,-1.372029134404871,4.8,80.0,4.8,4.799999999999999,10.000000000000002,1.0898389,0.009016499999999983,0.008212300000000061,5.80139220779321e-05,1.0921473303780662,-2.7224242424196676e-06,10.17431633333336,32.143914131113334,35.97005389341205,29.689555895282943,0.016122971,-0.0006546150000000008
b2c41,2,442.0,2.645422269349092,0,-3.1908384753935013,-1.1136276711900144,-1.4236102404351543,0.004106196456619722,-1.1868037499150335,5.6,26.0,4.5,4.8068669527897,9.985714285714286,1.1049725000000001,0.00448869999999979,0.004095799999999761,2.587847619049213e-05,1.1047244876132751,2.0361212121207054e-05,10.177705666666686,30.193787010451164,34.98487001858617,28.373512342449366,,
b2c4,2,444.0,2.6473829701146196,0,-3.3365568213947014,-1.19410155595912,-1.4937442486127832,0.14008355580526338,-1.2729607020293565,4.65,69.0,6.0,4.798452112221864,10.003225806451614,1.08942705,0.0008311500000000027,-0.008066950000000128,-6.843130055656478e-05,1.089469199863739,-9.510969696970192e-05,10.222283666666627,33.04820861652687,38.209395652763355,29.809912,0.01593901,-0.0009035920000000017
b2c11,2,449.0,2.6522463410033232,0,-3.414759692961795,-1.2329234079625666,-1.576864034840102,-0.14927059316142963,-1.3314177852646247,5.2,50.0,4.25,4.797829036635007,10.004524886877828,1.09674205,0.011971849999999895,0.011971849999999895,0.00010690012183056523,1.0969805538876516,0.00011699151515153415,10.17367599999993,33.146477466034135,39.423817,29.651962,0.016784718,1.5793000000000057e-05
b2c18,2,449.0,2.6522463410033232,0,-3.582748163889077,-1.3410720859110574,-1.7202632275331513,-0.3584213002718672,-1.372607055576907,5.2,50.0,4.25,4.797829036635007,10.004524886877828,1.0755856000000001,0.011508599999999758,0.009459899999999966,0.00011110718862091696,1.0767678535823537,-5.071636363636325e-05,10.175029666666669,32.88627829858526,36.964727535985794,30.155224,0.016488669,-4.021899999999759e-05
b2c26,2,450.0,2.6532125137753435,0,-3.096429803696765,-1.074710532314006,-1.372104966880231,0.05963854770799355,-1.186990302035578,5.6,26.0,4.5,4.8068669527897,9.985714285714286,1.1052355999999999,0.0012814000000000991,0.0012814000000000991,-1.117517254173919e-05,1.1047967075370029,0.0001473648484848784,10.192329666666629,33.75843376995604,38.98082610957073,30.030421675893816,0.017513856,-0.0008291710000000001
b2c29,2,452.0,2.655138434811382,0,-3.4930278366574123,-1.2743667267617826,-1.5869884057900017,0.04325183287449521,-1.3613649551490465,5.2,58.0,4.0,4.803695150115474,9.99230769230769,1.1030163000000002,0.013581199999999738,0.012964299999999929,0.00011894917130489727,1.104005348829107,1.4862424242481264e-05,10.173121999999905,31.797490897448796,35.143738,29.61923518807385,0.016617509,0.00011061700000000035
b2c13,2,460.0,2.662757831681574,0,-3.2584585167977105,-1.1610889764287897,-1.4266753417656104,0.31150943805818404,-1.187514604091823,4.65,69.0,6.0,4.798452112221864,10.003225806451614,1.09579375,0.0006608500000000461,-0.000650949999999817,-1.1176204700051009e-05,1.095542452601319,-4.235151515118321e-06,10.207829000000007,31.946988973926523,36.19238897679291,29.518279358797542,0.015610993,-0.0010935590000000009
b2c12,2,466.0,2.66838591669,0,-3.2522073381796157,-1.1575757332923002,-1.4275804027351333,0.29875552090398766,-1.2099175944443208,4.65,44.0,5.0,4.80123902942695,9.997419354838708,1.1020139,0.005560800000000032,0.004571799999999904,3.08125998763271e-05,1.1026347594265098,-2.5241818181810623e-05,10.174669333333393,31.314676947956993,35.747711,29.339239609224805,0.016159201,-0.0010207299999999975
b2c17,2,471.0,2.673020907128896,0,-3.4600966965136077,-1.2593794122334805,-1.5934282222010308,-0.16877180588917254,-1.2758126144756328,5.6,26.0,4.5,4.8068669527897,9.985714285714286,1.0918908,0.004731000000000041,0.001891499999999935,3.805835374150551e-05,1.0918193926460522,-0.00017693151515149356,10.176372333333273,32.988612809790894,35.36969,30.341412,0.016950201,-0.00042510400000000254
b2c16,2,472.0,2.673941998634088,0,-3.4844725434255266,-1.2671375084930596,-1.5749258561202484,0.08953865782319283,-1.2785874794009107,4.8,80.0,4.8,4.799999999999999,10.000000000000002,1.0954841,0.005361600000000077,-0.0001234999999999431,-1.378694743350893e-05,1.0977524868443618,-0.0001641630303030089,10.171980333333341,32.7673986704417,37.601054318286856,30.168455,0.017414019,-0.0002792050000000011
b2c27,2,474.0,2.6757783416740852,0,-3.5581874305810346,-1.31457646898426,-1.6356279195401047,-0.03581587159724948,-1.3675227523797124,5.2,50.0,4.25,4.797829036635007,10.004524886877828,1.0934154500000002,0.010716049999999866,0.010716049999999866,8.455668583798395e-05,1.0942716772040813,0.00011196727272729799,10.174448333333178,33.30411096115286,39.292397,30.006104329573958,0.017410973,0.00012275900000000006
b2c42,2,474.0,2.6757783416740852,0,-3.4080994464539516,-1.2401790814112104,-1.5009258908198682,0.30120404304431553,-1.2060877417684004,5.2,50.0,4.25,4.797829036635007,10.004524886877828,1.1025344,0.011198800000000064,0.010825400000000096,8.696242918986934e-05,1.1028211363133371,0.0001401339393939734,10.174918666666732,31.709620029469267,36.76044310987061,29.125111,,
b2c0,2,477.0,2.678518379040114,0,-3.576617545601861,-1.2995568930849786,-1.6263626145608276,-0.0010553735325413874,-1.2287790016675113,5.2,58.0,4.0,4.803695150115474,9.99230769230769,1.10233105,0.006187649999999989,0.002671549999999856,1.6291013605453048e-05,1.104342000225314,-0.0001429745454545237,10.173733999999968,31.808470926230026,36.404427,28.851412,0.017083954,6.96420000000017e-05
b2c20,2,489.0,2.6893088591236203,0,-3.4077736165455157,-1.2221305493793515,-1.5903541486528683,-0.3912799523483565,-1.1205086442078287,5.2,58.0,4.0,4.803695150115474,9.99230769230769,1.0975419999999998,0.0063227000000001254,0.0063227000000001254,2.966841682128745e-05,1.0985328885198924,0.00010281212121215993,10.172872000000012,33.61911118506716,37.85651,30.464781,0.016160993,0.00019093999999999708
b2c1,2,491.0,2.6910814921229687,0,-3.301673925562801,-1.1707618405848257,-1.4433289871020967,0.34377791217513093,-1.1205861737068548,5.6,26.0,4.5,4.8068669527897,9.985714285714286,1.1060249999999998,0.0023098000000001395,-0.002503299999999875,-3.126743475570973e-05,1.1066344714957739,-0.0002999624242424036,10.192646000000046,33.60099815475848,37.4468,29.748539199568196,0.017313389,-0.0006942100000000007
b2c10,2,492.0,2.69196510276736,0,-3.5260229122436924,-1.2839126505762104,-1.5680430417086597,0.29698727732904556,-1.1743697356305736,4.8,80.0,4.8,4.799999999999999,10.000000000000002,1.1093639,0.007269799999999993,0.007269799999999993,4.779616821275722e-05,1.1098455449160993,0.00012321575757578805,10.17126966666663,31.720791269063756,35.078796,28.906555794473437,0.016884135,-0.00030304700000000073
b2c25,2,493.0,2.69284691927723,0,-3.5378561317414174,-1.2920909088622092,-1.6148146852816887,-0.01910340330233939,-1.3430321564321328,5.2,58.0,4.0,4.803695150115474,9.99230769230769,1.0987129,0.00807800000000003,0.00807800000000003,3.919962399506568e-05,1.1002318848328176,0.00024087878787878352,10.172881333333304,32.23848796399698,35.15638,30.123915,0.016576298,2.3801000000000377e-05
b2c3,2,499.0,2.6981005456233897,0,-3.630630853287207,-1.318280064932349,-1.7429887485871856,-0.5214839450400094,-1.0757788154553496,4.65,44.0,5.0,4.80123902942695,9.997419354838708,1.09615265,0.009938849999999944,0.003980850000000036,7.778717439704462e-05,1.0974268536007004,-0.00026717636363636846,10.173250333333367,33.93805810095692,39.422000644443116,30.19519,0.015764765,-3.5558000000001505e-05
b2c46,2,503.0,2.7015679850559273,0,-3.5775201257628657,-1.310948415803275,-1.637624149206985,-0.0010045479882475133,-1.2759792186114078,4.8,80.0,4.8,4.799999999999999,10.000000000000002,1.1002079,0.005919999999999925,0.00019799999999992046,1.979876190477838e-05,1.1015103217287152,-0.00020046909090905418,10.169781000000075,29.88150861827619,31.867259462197975,27.912966565573445,,
b2c24,2,514.0,2.710963118995276,0,-3.581383201155208,-1.311131193546989,-1.6189753552551187,0.08522680015479955,-1.2435160839364872,4.8,80.0,4.8,4.799999999999999,10.000000000000002,1.09217565,0.0085601500000001,0.0085601500000001,4.140229499073252e-05,1.0941122965918364,0.0002688527272727248,10.170490666666689,33.206377241160645,39.222355,29.545424324822893,0.016424084,-0.00014084899999999845
b2c7,2,777.0,2.890421018800914,1,-4.436969368921191,-1.7506595977886652,-2.128629638326409,-0.257865270177743,-1.3282184015114868,4.8,80.0,4.8,4.799999999999999,10.000000000000002,1.09091475,0.005550049999999862,0.005550049999999862,5.1176245516408554e-05,1.0904265513776537,5.173818181818062e-05,10.037040333333376,33.769687089746824,37.918381,29.833401,0.014716571,1.3403999999999847e-05
b2c9,2,791.0,2.8981764834976764,1,-4.074233850759358,-1.4396245364245865,-1.905670130912744,-0.40087488617130873,-0.7843409683452633,5.6,26.0,4.5,4.8068669527897,9.985714285714286,1.0963295,0.0028504000000000307,0.0018453000000000497,-3.250503648731046e-05,1.0992243841335805,0.0001848557575757918,10.040580999999946,32.3508526526095,35.00847845562602,30.423269501409568,0.015197206,-5.300199999999991e-05
b2c32,2,809.0,2.9079485216122722,1,-4.102907082482255,-1.5567461020937585,-1.8692085120130866,0.21605720798983563,-1.0277208533294107,4.8,80.0,4.8,4.799999999999999,10.000000000000002,1.0882927,0.004801400000000067,-7.300000000043383e-06,-5.62756512059263e-05,1.0929118127569573,4.9966060606072504e-05,10.041900666666674,32.16894887045923,34.753593,29.949444,0.014739397,-5.889600000000099e-05
b2c44,2,841.0,2.924795995797912,1,-4.373031912450025,-1.6828474773729063,-2.0461921037758515,-0.2467081555267837,-0.9757742447006255,5.2,58.0,4.0,4.803695150115474,9.99230769230769,1.0975191,0.00153979999999998,-0.00040069999999992056,-2.5863157699431624e-05,1.099014280638631,4.107030303031441e-05,10.040366333333369,33.95995836968299,37.579971,30.372488119722746,,
b2c8,2,904.0,2.9561684304753633,1,-4.048784366369722,-1.4156418755402729,-1.917503841444632,-0.596431683786927,-0.4857373742913653,5.2,58.0,4.0,4.803695150115474,9.99230769230769,1.09090895,0.002542950000000044,2.4849999999965178e-05,-2.2606645021636136e-05,1.0925031555627707,8.175454545456868e-05,10.04007933333327,33.59868374090274,36.451335340457405,30.369265,0.016342103,3.0228999999999673e-05
b2c45,2,997.0,2.998695158311656,1,-4.2642892257338305,-1.6193879092669443,-1.9950284856364924,-0.2884496618309656,-0.9162846282240151,5.6,26.0,4.5,4.8068669527897,9.985714285714286,1.1029977,0.0013081999999999816,-0.0034520000000000106,-5.917685837970211e-05,1.1050166622016075,3.3611515151548705e-05,10.040267666666622,35.271412144027664,38.42024558425599,31.853023796346278,,
b2c43,2,1029.0,3.012415374762433,1,-4.298837530535402,-1.7323478922858606,-2.12313148781543,0.3354097091661205,-0.957184649638894,4.8,80.0,4.8,4.799999999999999,10.000000000000002,1.09922075,0.0021199499999999816,-0.002245649999999877,-7.369164811377747e-05,1.1025131573871367,0.00010360363636365692,10.0362016666667,33.92914533704784,38.4212899272313,30.231243,,
b2c33,2,1140.0,3.0569048513364727,1,-4.278157795821236,-1.6428418866904912,-1.9679458634911597,0.2767097843704755,-0.9691770956590982,5.2,58.0,4.0,4.803695150115474,9.99230769230769,1.073464,0.0011270000000001001,-0.004786699999999922,-8.347015213357165e-05,1.0762582868497215,3.970545454551605e-05,10.03920333333323,32.74157143407892,35.019115,30.171801,0.014933125,-8.753799999999985e-05
b2c34,2,1186.0,3.074084689028244,1,-4.442689289921395,-1.7124171422165584,-2.0806854168468085,-0.13759659668530674,-0.8808182952915686,5.6,26.0,4.5,4.8068669527897,9.985714285714286,1.06729255,0.0015404500000000265,-0.002854249999999947,-5.3727504638205764e-05,1.0699069082921047,1.8283030303049086e-05,10.040011000000039,35.66789148456313,39.697674,30.77528232546755,0.014872484,-0.00011882799999999964
b3c28,3,541.0,2.7331972651065692,0,-3.4413421636203796,-1.234354842161387,-1.518251552823365,0.2836529397799412,-0.990958347511123,3.7,31.0,5.9,4.795167490389896,10.010077874484654,1.05207295,0.000603750000000014,-0.018063649999999987,-0.0001981248256029556,1.0546280666108014,-0.0002672533333333261,10.05914166666674,35.69688828820833,39.85648636436463,31.972694,0.013169404,0.00043592300000000125
b3c6,3,667.0,2.824125833916549,1,-3.5163912530699437,-1.2682037847427574,-1.5379887271632582,0.47361537918127017,-0.8745112381129205,3.7,31.0,5.9,4.795167490389896,10.010077874484654,1.0627963,0.00022450000000007186,-0.019016300000000097,-0.00020246040074210653,1.0640861501348173,-0.00024328727272727416,10.06247166666663,34.1072055276095,37.461433,30.943061172088374,0.013527169,0.00032014799999999927
b3c31,3,731.0,2.8639173769578603,1,-3.8234721588585696,-1.4406934744025568,-1.7727939828184798,-0.09722309996672235,-1.307164267146848,5.9,60.0,3.1,4.813157894736842,9.972662657189721,1.06855605,0.0030498500000000206,0.0012321500000000984,-9.188109461951048e-06,1.0712836961078125,-3.240666666663573e-05,10.046477666666663,34.00003070157337,37.242977,30.816336554657795,0.015812302,-2.983200000000047e-05
b3c21,3,772.0,2.887617300335736,1,-3.693022941082405,-1.3556601673860336,-1.6233246535373302,0.5049054010413866,-0.8416935362990112,3.7,31.0,5.9,4.795167490389896,10.010077874484654,1.0679501999999998,0.000654400000000166,-0.014118599999999759,-0.0001596956474953502,1.0701290063050912,-0.00019249454545450234,10.067868000000017,34.900399416468076,38.317612,31.554761921167493,0.01394002,0.00023393700000000003
b3c41,3,786.0,2.895422546039408,1,-4.199349662215131,-1.6088129603817292,-1.9955931447241728,-0.3079506715519104,-1.0971850575683761,5.6,36.0,4.3,4.8015952143569285,9.996677740863788,1.05097775,0.0038530500000000245,0.003129649999999984,9.456278911577703e-06,1.0538941343209642,-5.033636363630876e-05,10.042974333333357,33.640262798950594,37.245838,30.47063701600857,0.017006677,-0.00017313199999999945
b3c40,3,796.0,2.900913067737669,1,-4.309705347497903,-1.6553693990333893,-2.039456295938136,-0.33109917646868436,-1.052969441273144,5.6,19.0,4.6,4.803729603729604,9.99223602484472,1.05960955,0.004222350000000041,0.0021849499999999633,-7.929143475559353e-06,1.063407239347557,-4.7003030302981916e-05,10.043562999999995,34.05341123035083,38.358112,30.658075,0.015254971,-0.00023430500000000062
b3c20,3,813.0,2.910090545594068,1,-4.096326918840234,-1.562979125662325,-1.9313253271094908,-0.31101527213418717,-1.1725628947563296,5.0,67.0,4.0,4.804804804804805,9.99,1.0654010999999999,0.002657900000000213,0.0010522000000001697,-7.409868892998993e-06,1.0678280194751597,-4.036242424240935e-05,10.04332966666664,33.10212248197412,36.232254,30.598567437403773,0.015206913,-7.635700000000085e-05
b3c13,3,816.0,2.9116901587538613,1,-4.090024024100131,-1.5566668173183706,-1.9272198505935378,-0.237128904186291,-1.1807138530230603,5.6,19.0,4.6,4.803729603729604,9.99223602484472,1.0660386499999999,0.0035396500000002273,0.0012673500000002225,-1.2443541743955979e-05,1.069363342346114,-5.0149090909098795e-05,10.042319666666685,34.11768528185422,37.80334001741199,31.008408624872537,0.01506449,-0.00014514099999999967
b3c11,3,817.0,2.9122220565324155,1,-3.8967268296460897,-1.4717262534997555,-1.809901542662323,-0.12595878448685865,-1.2528773145733363,5.6,19.0,4.6,4.803729603729604,9.99223602484472,1.0683595499999998,0.0023700500000001234,-5.974999999991404e-05,-1.816348361161268e-05,1.0707586917045966,-3.9870909090899364e-05,10.042218333333295,34.20373702283128,38.22832463770115,31.117903,0.015485173,-4.955999999999884e-05
b3c24,3,825.0,2.916453948549925,1,-4.126906919897466,-1.595000488277711,-1.971776513587621,-0.3168712986699963,-1.2730149332221692,5.0,67.0,4.0,4.804804804804805,9.99,1.04674875,0.004267550000000009,0.003335250000000123,9.677711193580221e-06,1.0499647907695315,-5.111575757572254e-05,10.042240333333272,34.68760501613314,37.871063,31.712324162858778,0.01550305,-0.0001505590000000015
b3c5,3,828.0,2.9180303367848803,1,-4.096562779037698,-1.5800066355942701,-1.9187518036082587,-0.15360294935132665,-1.285236569702536,5.6,36.0,4.3,4.8015952143569285,9.996677740863788,1.0517500499999999,0.002231850000000035,0.00013415000000005506,-1.611543290041838e-05,1.0539785249567095,-6.304121212120748e-05,10.041910000000012,35.56013985266867,40.19554382518285,31.605618939619383,0.015130546,-0.00016723399999999874
b3c8,3,828.0,2.9180303367848803,1,-4.10964060082964,-1.5703402172201149,-1.9247642025888116,-0.19727237230366038,-1.2429267023979609,5.0,67.0,4.0,4.804804804804805,9.99,1.0651772,0.00347530000000007,0.0018488000000000948,-3.7627247989957926e-06,1.0682033969445472,-3.8980606060586316e-05,10.044950000000002,33.05552416009523,35.5458971642776,30.969942,0.01520093,-0.00017268099999999918
b3c27,3,850.0,2.929418925714293,1,-4.110813261289211,-1.5643297467957489,-1.9491952828808012,-0.3328257667137636,-1.1391084223710526,5.6,36.0,4.3,4.8015952143569285,9.996677740863788,1.060874,0.0035380999999998775,0.0018784999999998941,-4.346160791580285e-06,1.0639359824831993,-4.714363636362286e-05,10.045022333333327,35.30844806776433,38.98098,31.88298,0.014868693,-9.954799999999965e-05
b3c14,3,858.0,2.9334872878487053,1,-4.01536440429733,-1.533260882098024,-1.8775602295501919,-0.18390248459001554,-1.289751388647814,5.6,36.0,4.3,4.8015952143569285,9.996677740863788,1.073483,0.004224600000000134,0.002944900000000139,3.96968460112316e-06,1.0768274006307976,-1.3774545454513046e-05,10.041712000000018,33.11953606667905,36.101499457512425,30.790092,0.015496999,-7.740999999999998e-05
b3c29,3,858.0,2.9334872878487053,1,-4.050036108791289,-1.5430807376222897,-1.9215432697985113,-0.308119430246843,-1.2037397026879084,5.9,15.0,4.6,4.798232044198895,10.003684598378777,1.0668419,0.004336200000000012,0.002776399999999901,3.743642547937644e-06,1.070314993421975,-5.98133333333013e-05,10.041687666666647,31.262889334066085,31.999889,30.393116,0.014745088,-0.00016551100000000013
b3c15,3,876.0,2.9425041061680806,1,-3.9915963863430024,-1.5224496644019685,-1.860185708971419,-0.12916707647006537,-1.2850690718500064,5.9,15.0,4.6,4.798232044198895,10.003684598378777,1.0687076,0.002500300000000122,0.0005634000000001027,-1.1654723562144945e-05,1.0711578818107603,-5.213818181817906e-05,10.041533666666655,33.51055049283859,37.344582,30.48859917220236,0.01525728,-9.027200000000062e-05
b3c36,3,923.0,2.965201701025912,1,-4.236705399940843,-1.6274087258536047,-1.9898716183943441,-0.21989755704808459,-1.1146643807482852,5.6,36.0,4.3,4.8015952143569285,9.996677740863788,1.05779165,0.0027516499999999944,-2.4950000000023564e-05,-2.2126940630787363e-05,1.0604963441741904,-5.690121212120186e-05,10.043801000000046,35.87907157748097,39.893036,31.939495,0.015083324,-8.82880000000006e-05
b3c12,3,932.0,2.9694159123539814,1,-3.939858392125544,-1.4949518884262138,-1.8107595880592935,0.006490291629149596,-1.2758879268541772,5.6,36.0,4.3,4.8015952143569285,9.996677740863788,1.0745209,0.002408900000000047,0.0010345000000000493,-7.384572665420227e-06,1.076720547549371,-2.4455151515143912e-05,10.04249166666661,33.2205731520236,36.11585579982815,30.951786787726437,0.01599754,-4.0385999999999894e-05
b3c30,3,935.0,2.9708116108725178,1,-4.143468305960267,-1.5856100913242146,-1.9591872462651727,-0.3271086523036487,-1.133965898382585,5.3,54.0,4.0,4.7936687394007915,10.013207547169811,1.06918585,0.0031181499999999307,0.0018026499999999057,-3.6570024737118256e-06,1.0718962924796949,-3.167696969697537e-05,10.043678666666674,32.24311941023021,34.756857996430846,30.474829,0.015509814,-0.00011412599999999912
b3c44,3,940.0,2.9731278535996988,1,-4.133080848080579,-1.5846520803474744,-1.9456030719858417,-0.21614263737232517,-1.2307586881799366,5.3,54.0,4.0,4.7936687394007915,10.013207547169811,1.07002615,0.0038551500000001404,0.0028810500000000516,4.447314162039917e-06,1.0730920490989482,-1.8736969696938183e-05,10.043435666666628,33.35164903826186,36.881859,30.183569,0.01551657,-0.00010574500000000084
b3c25,3,989.0,2.9951962915971793,1,-4.131881684672067,-1.5705433540414324,-1.9473186653463679,-0.32554639500546173,-1.111295673575958,5.3,54.0,4.0,4.7936687394007915,10.013207547169811,1.0615541,0.0038595000000001267,0.002859600000000073,7.18813976500141e-06,1.0644798331548133,-4.684121212117398e-05,10.041598333333386,35.58186389191699,39.595110804534556,31.926973,0.015591009,-4.924599999999932e-05
b3c22,3,1002.0,3.0008677215312267,1,-4.04568980593326,-1.549031354371794,-1.8632779991035662,0.08393718732268339,-1.2600364636574342,5.9,60.0,3.1,4.813157894736842,9.972662657189721,1.05659475,0.002499550000000017,0.0003098500000000559,-1.622377179962087e-05,1.0589841088264278,-4.998242424239839e-05,10.043384333333282,34.61069656408486,37.97354076473168,31.405123,0.015614755,-0.00012298300000000012
b3c0,3,1009.0,3.0038911662369103,1,-4.232672637696167,-1.6271705960220784,-1.9845970621258289,-0.1867539103691014,-1.1863454573475227,5.0,67.0,4.0,4.804804804804805,9.99,1.06787,0.0033943999999999086,0.001604299999999892,-5.6251428571301065e-06,1.0706769893564207,-4.3181212121208164e-05,10.044530999999989,32.194853230782606,33.974361,30.642652233872806,0.015180224,-0.00012841200000000136
b3c26,3,1028.0,3.011993114659257,1,-4.209259472755767,-1.6098089766342585,-1.981901604262917,-0.31103357947356863,-1.0824546272803155,5.6,19.0,4.6,4.803729603729604,9.99223602484472,1.07229745,0.003452049999999929,0.0021375500000000436,-2.254935064785614e-07,1.075135107744588,-4.284606060601625e-05,10.041816666666708,35.745916536891265,39.786995,31.812666,0.015538619,-4.2369000000000434e-05
b3c9,3,1039.0,3.016615547557177,1,-3.993957539781881,-1.530779368836263,-1.8428531924076341,-0.032778492195909205,-1.314208973037113,5.3,54.0,4.0,4.7936687394007915,10.013207547169811,1.0699105,0.0034304000000000556,0.0025116000000000582,3.505664811415116e-07,1.0728449302003709,-6.719999999990503e-06,10.041749333333332,33.08832983925303,35.6854391223452,31.020124803456543,0.015742281,-2.9396000000000977e-05
b3c4,3,1048.0,3.0203612826477078,1,-4.1910868306693,-1.61040916243515,-1.9940746895756736,-0.39925964733524416,-1.1175250321129382,5.6,19.0,4.6,4.803729603729604,9.99223602484472,1.0727604,0.002469700000000019,0.0010513000000000883,-5.391931972776512e-06,1.07481540671243,-2.749515151514631e-05,10.045031333333366,32.11715379681872,33.39357830787951,30.86325642415428,0.015085269,-6.733400000000049e-05
b3c1,3,1063.0,3.0265332645232967,1,-4.248604913187423,-1.6373142787821795,-2.000872079981814,-0.26325971873998694,-1.14651750605021,5.3,54.0,4.0,4.7936687394007915,10.013207547169811,1.06562205,0.003060349999999934,0.0008701499999999029,-1.5027703772407281e-05,1.0684929487509789,-6.529454545454853e-05,10.041138666666567,34.83231929224147,38.707848,31.221146,0.014931546,-0.00010282300000000015
b3c10,3,1078.0,3.03261876085072,1,-4.409924589995667,-1.718263572162557,-2.0807013198043705,-0.22796713970328067,-1.179259158629311,4.8,80.0,4.8,4.799999999999999,10.000000000000002,1.0621265,0.0028234000000000314,0.0015047000000001365,-2.6797501545941694e-06,1.064582588470006,-4.642606060602704e-05,11.045003333333321,32.5348014795901,35.20887742320281,30.42616190989248,0.015318613,-0.00014386399999999876
b3c35,3,1093.0,3.038620161949703,1,-4.218237378933242,-1.6283724539255542,-1.9960523037817237,-0.29595180018648354,-1.1420948228510703,5.6,19.0,4.6,4.803729603729604,9.99223602484472,1.0635854999999999,0.0017519000000001395,-0.00035279999999993095,-1.9743761286319883e-05,1.0655061136437844,-4.934424242422233e-05,10.043148666666676,35.532941501822236,39.086731,31.761244,0.015308049,-7.601500000000046e-05
b3c3,3,1115.0,3.0472748673841794,1,-4.119550995716503,-1.5661762182847616,-1.9558088066257726,-0.4649629083692355,-1.0182359991674814,5.6,36.0,4.3,4.8015952143569285,9.996677740863788,1.0630593,0.0024049999999999905,0.0004963000000000051,-1.2653162646866646e-05,1.0652981062444855,-5.8373939393928705e-05,10.042065333333351,36.08374244976545,40.076626,31.780437,0.014885032,5.60549999999993e-05
b3c18,3,1146.0,3.059184617631371,1,-4.236140888497405,-1.626730892935831,-1.9846153331875844,-0.21359981240801032,-1.0650988550787892,5.6,19.0,4.6,4.803729603729604,9.99223602484472,1.0683015,0.0017854999999999954,-0.0012631999999999088,-2.8831328385882528e-05,1.0703617361315185,-6.492787878787495e-05,10.043129666666696,35.2914180269327,38.518787,32.020798,0.014978203,-3.7439999999999696e-05
b3c19,3,1155.0,3.062581984228163,1,-4.152025459744721,-1.5878420117774081,-1.9272248640762033,-0.1194585392306923,-1.1169764752162077,5.6,36.0,4.3,4.8015952143569285,9.996677740863788,1.0722942999999998,0.0015749000000002678,-0.0013641999999998156,-2.9900343846614818e-05,1.0742500044048646,-7.388909090904692e-05,10.043436999999928,35.09835953689969,38.401493,31.769892,0.015178323,-4.249000000000093e-05
b3c39,3,1156.0,3.0629578340845103,1,-4.443138089000865,-1.7510358957405152,-2.183524640539665,-0.298655277302959,-1.0598842207721382,5.3,54.0,4.0,4.7936687394007915,10.013207547169811,1.0477037999999999,0.003749400000000236,0.0018000000000002458,-6.719196042039344e-06,1.0509297527355184,-2.7939393939333595e-05,10.043833000000012,33.887021839840784,36.491322,30.99731619825322,0.015480768,-0.00015527400000000038
b3c34,3,1158.0,3.0637085593914173,1,-4.2934007843295205,-1.661724400042139,-2.013578661277967,-0.16659407634689702,-1.1554686313756515,5.3,54.0,4.0,4.7936687394007915,10.013207547169811,1.06180525,0.002425349999999993,-0.00021874999999993427,-2.1270781076063004e-05,1.0643331689257887,-7.275636363635312e-05,10.044184666666649,35.77943527518051,39.49040963165045,31.956257,0.015220164,-0.00010690799999999931
b3c33,3,1284.0,3.1085650237328344,1,-4.370589564617006,-1.687756384955296,-2.078782440087481,-0.3838458083687166,-1.0364510596728018,5.0,67.0,4.0,4.804804804804805,9.99,1.0605298,0.0023111000000000104,0.00038999999999989043,-1.280021645020484e-05,1.062811355483405,-5.695333333334592e-05,10.043301333333366,33.10710984192206,34.695709,31.415869,0.015279103,-0.00015399299999999984
b3c17,3,1315.0,3.1189257528257768,1,-4.4347635370111,-1.7353183449992313,-2.1163249683776653,-0.03615377932906162,-0.9197601106834172,5.3,54.0,4.0,4.7936687394007915,10.013207547169811,1.0667994,0.002165899999999832,-0.00034090000000008835,-8.714567717985097e-06,1.0675745641657388,-2.335515151517609e-05,10.041974333333346,35.07228784758459,38.138309,31.041136885840285,0.01535425,-0.00016227499999999992
b3c16,3,1638.0,3.2143138974244,1,-4.6849583069449325,-1.8585454448860987,-2.2516964845103558,-0.12038761779159855,-0.9834878361141022,4.8,80.0,4.8,4.799999999999999,10.000000000000002,1.06129485,0.0029727500000000795,0.0012099500000000152,-8.697718614712326e-06,1.0639998881948052,-6.590787878783919e-05,11.04336633333335,34.94134876933804,38.21816186151848,31.641069440702125,0.015253145,-0.00012093599999999857
b3c45,3,1801.0,3.2555137128195333,1,-4.505414148404671,-1.7711676503573541,-2.1351375767239062,-0.32075286885068754,-1.1722517069584035,4.8,80.0,4.8,4.799999999999999,10.000000000000002,1.0698314,0.0022074000000000815,0.0011270999999999365,-1.0456573902211527e-06,1.0715723012541745,-1.6138787878781927e-05,11.037649999999994,32.72596355233115,35.085537,30.620083,0.015557319,-7.953999999999947e-05
b3c7,3,1836.0,3.2638726768652235,1,-4.487421656649398,-1.7660246482766886,-2.154383070051232,-0.3165580774045966,-1.1715131000531813,4.8,80.0,4.8,4.799999999999999,10.000000000000002,1.0678937,0.0029920000000001057,0.0017399000000000164,-2.7969029066129906e-06,1.0704063481088435,-1.2175151515149801e-05,11.041577333333311,32.79694473003086,34.60008198094648,31.00022334239158,0.015372629,-3.5402999999999823e-05
b3c38,3,1935.0,3.28668096935493,1,-4.3366412437796225,-1.6846145097977925,-2.034101718261911,-0.056939797124858936,-1.1901375410782211,5.0,67.0,4.0,4.804804804804805,9.99,1.0705002499999998,0.0020340500000002315,0.0006202500000000999,-8.975228818790433e-06,1.0724415705081423,-5.2537575757609424e-05,10.044471,34.745836319764145,38.268311,30.966864,0.015742945,-0.00011589700000000022
