featset,model,n_feat,CV_group,CV_group_sd,CV_random,CV_random_sd,CV_extrap,score_stage2,Valid
D6 dQ4+QD2+QDmax,GPR,6,8.914422140934938,3.4023018235385276,8.221920583792784,2.16030501948381,14.618239577152755,11.766330859043848,6.8706630008684515
V1 var,GPR,1,11.403275691588387,4.923315858759856,8.277689867206984,2.2976768814761903,15.716311316645198,13.559793504116794,9.154697546279152
V1 var,GBM(d=2),1,11.912842991278621,3.951796411696189,11.197638874682116,3.079120098696516,17.833427315273386,14.873135153276003,11.019607769944765
D4 dQ4,GPR,4,11.993126120457578,4.83171514805089,9.66279678335929,2.7435849913109664,18.274562846216323,15.13384448333695,9.966359820437452
V2 var+min,GBM(d=2),2,12.894386453388384,4.155593049190527,12.077479309574949,3.510477939191565,18.834142460718088,15.864264457053235,10.27843746615354
V2 var+min,GPR,2,12.743286443738477,4.784238668746506,9.330604772601584,2.826816200549456,19.90111648380198,16.322201463770227,9.477912039471342
D6 dQ4+QD2+QDmax,PLS(2),6,16.60813128650415,13.55298635857971,11.575175293420664,5.7315606110973984,16.354391846104896,16.481261566304525,9.094859491730203
V1 var,Linear,1,15.273438996367068,9.886633855643122,10.890465340640567,2.5881648107044906,20.0038107205508,17.638624858458932,11.374186618868729
D6 dQ4+QD2+QDmax,GBM(d=2),6,13.589429858301635,5.472791792819902,12.412166240461183,3.784034448385631,22.520058957082366,18.054744407692,7.925691914423592
S7 dQ4+chg+Tavg+IRmin,GBM(d=2),7,13.54467755024317,4.50705356545411,10.535161409828447,3.087684986347936,22.968461446935482,18.256569498589325,11.044090254330568
V2 var+min,PLS(2),2,17.31135818929083,19.47411812710514,15.322735647115305,22.734030843698825,19.240740619363386,18.276049404327107,11.641215706623658
V2 var+min,Linear,2,17.31135818929084,19.474118127105125,15.32273564711532,22.734030843698918,19.240740619363432,18.276049404327136,11.641215706623662
V2 var+min,ElasticNet,2,17.116435976161327,16.69494208607813,11.738191115952139,5.15474206067238,19.437402328609316,18.27691915238532,12.037826129420976
V2 var+min,Ridge,2,17.286145289326992,18.98335592036451,12.663690200709523,12.489159219295459,19.412209433113258,18.349177361220125,11.65345433160291
D6 dQ4+QD2+QDmax,Ridge,6,16.116868112645058,9.128896858522346,11.854008917886468,5.640000147378,22.02349708079089,19.070182596717974,10.661588074233643
D6 dQ4+QD2+QDmax,ElasticNet,6,18.345182259730947,13.430266578917607,11.555474130370651,4.905594188545379,20.165329051594227,19.255255655662587,10.530673407292356
D4 dQ4,ElasticNet,4,17.336197505995077,9.381690174647817,12.324633487293099,4.411750919500053,21.54850765291396,19.442352579454518,12.110540379648713
D4 dQ4,Linear,4,17.625850379878997,9.325011775255087,13.185988817691461,5.564806868675965,21.32560104686048,19.47572571336974,11.533420520854817
D4 dQ4,GBM(d=2),4,15.015130757607515,5.12869372422384,12.828543511973,3.7545650539771964,24.148077379219334,19.581604068413426,10.704487571668448
D4 dQ4,PLS(2),4,18.472090911424047,10.6664511644849,13.445151550183224,5.681174368887132,21.539176146253478,20.005633528838764,12.110547462044256
D6 dQ4+QD2+QDmax,Linear,6,19.560182231286674,13.663117459117581,12.84221973365376,6.147137402318713,22.464305527599123,21.0122438794429,9.661791246884006
D4 dQ4,Ridge,4,17.605601755561455,8.26996700838193,12.790799925545699,4.685607602387813,24.482036512969557,21.043819134265505,12.569483238538004
S7 dQ4+chg+Tavg+IRmin,GPR,7,15.814419657340038,5.407892164844192,11.48598446404073,3.0307678286410367,29.775009212749495,22.794714435044767,8.602706791733091
S7 dQ4+chg+Tavg+IRmin,PLS(2),7,19.397401092020967,7.75553589928352,13.494384009460596,3.968805444790212,28.40351112288685,23.90045610745391,12.690458816553091
S7 dQ4+chg+Tavg+IRmin,ElasticNet,7,17.819589742000826,7.804760084346271,12.267313313567115,3.3856809919688913,30.587755558077134,24.203672650038982,13.295043151813255
S7 dQ4+chg+Tavg+IRmin,Ridge,7,18.47871343622683,8.086998883995475,12.564679190978898,4.187392525846944,32.25900989173098,25.368861663978905,13.973299502817879
S7 dQ4+chg+Tavg+IRmin,Linear,7,21.8219247885423,12.018373817897258,14.723604571408757,5.52887441760909,34.85353220155175,28.337728495047024,12.07598811152249
